<?xml version="1.0" ?>
<!DOCTYPE PISI SYSTEM "http://www.pisilinux.org/projeler/pisi/pisi-spec.dtd">
<PISI>
    <Source>
        <Name>gnome-doc-utils</Name>
        <Homepage>http://live.gnome.org/GnomeDocUtils</Homepage>
        <Packager>
            <Name>PisiLinux Community</Name>
            <Email>admins@pisilinux.org</Email>
        </Packager>
        <License>GPLv2</License>
        <License>LGPLv2.1</License>
        <IsA>library</IsA>
        <Summary>A collection of documentation utilities for the Gnome project</Summary>
        <Description>gnome-doc-utils is a collection of documentation utilities for the Gnome project.</Description>
        <Archive sha1sum="8320a30e1b7239aa33ba276da046090407a93bbf" type="tarxz">http://ftp.acc.umu.se/pub/GNOME/sources/gnome-doc-utils/0.20/gnome-doc-utils-0.20.10.tar.xz</Archive>
        <BuildDependencies>
            <Dependency>gawk</Dependency>
            <Dependency>intltool</Dependency>
            <Dependency>pkgconfig</Dependency>
            <Dependency>gettext-devel</Dependency>
            <Dependency>docbook-xml</Dependency>
            <Dependency>libxslt-devel</Dependency>
        </BuildDependencies>
        <Patches>
            <Patch level="1">do-not-update-scrollkeeper-database.patch</Patch>
        </Patches>
    </Source>

    <Package>
        <Name>gnome-doc-utils</Name>
        <Files>
            <Path fileType="library">/usr/lib</Path>
            <Path fileType="man">/usr/share/man</Path>
            <Path fileType="doc">/usr/share/doc</Path>
            <Path fileType="data">/usr/share/omf</Path>
            <Path fileType="executable">/usr/bin</Path>
            <Path fileType="data">/usr/share/xml</Path>
            <Path fileType="data">/usr/share/gnome</Path>
            <Path fileType="data">/usr/share/xml2po</Path>
            <Path fileType="data">/usr/share/aclocal</Path>
            <Path fileType="data">/usr/share/pkgconfig</Path>
            <Path fileType="localedata">/usr/share/locale</Path>
            <Path fileType="data">/usr/share/gnome-doc-utils</Path>
        </Files>
    </Package>

    <History>
        <Update release="1">
            <Date>2020-11-19</Date>
            <Version>0.20.10</Version>
			<Comment>Rebuild.For Beta System</Comment>
			<Name>Ali Cengiz Kurt</Name>
			<Email>alicengizkurt@gmail.com</Email>
		</Update>        
    </History>
</PISI>
