<?xml version="1.0" ?>
<!DOCTYPE PISI SYSTEM "http://www.pisilinux.org/projeler/pisi/pisi-spec.dtd">
<PISI>
    <Source>
        <Name>libdbusmenu</Name>
        <Homepage>https://launchpad.net/dbusmenu</Homepage>
        <Packager>
            <Name>PisiLinux Community</Name>
            <Email>admins@pisilinux.org</Email>
        </Packager>
        <License>LGPLv3</License>
        <IsA>library</IsA>
        <Summary>Library for applications to pass a menu scructure accross DBus</Summary>
        <Description>libdbusmenu is a small little library that was created by pulling out some common code out of indicator-applet. It passes a menu structure across DBus so that a program can create a menu simply without worrying about how it is displayed on the other side of the bus.</Description>
        <Archive sha1sum="f88fc666609ed486a968fd6c8b739dff07d50bdd" type="targz">https://launchpad.net/libdbusmenu/16.04/16.04.0/+download/libdbusmenu-16.04.0.tar.gz</Archive>
        <BuildDependencies>
            <Dependency>gtk2-devel</Dependency>
            <Dependency>gtk3-devel</Dependency>
            <Dependency>glib2-devel</Dependency>
            <Dependency>libxml2-devel</Dependency>
            <Dependency>gnome-doc-utils</Dependency>
            <Dependency>dbus-glib-devel</Dependency>
            <Dependency>intltool</Dependency>
            <Dependency>vala-devel</Dependency>
            <Dependency>valgrind</Dependency>
            <Dependency>gobject-introspection-devel</Dependency>
            <Dependency>json-glib-devel</Dependency>
            <Dependency>libxslt-devel</Dependency>
            <Dependency>gtk-doc</Dependency>
        </BuildDependencies>
    </Source>

    <Package>
        <Name>libdbusmenu-glib</Name>
        <Summary>GLIB bindings for libdbusmenu</Summary>
        <RuntimeDependencies>
            <Dependency>libdbusmenu-common</Dependency>
            <Dependency>json-glib</Dependency>
        </RuntimeDependencies>
        <Files>
            <Path fileType="library">/usr/lib/libdbusmenu-glib*</Path>
            <Path fileType="library">/usr/lib/libdbusmenu-json*</Path>
            <Path fileType="data">/usr/share/libdbusmenu</Path>
        </Files>
    </Package>

    <Package>
        <Name>libdbusmenu-common</Name>
        <Summary>Common files for libdbusmenu libraries</Summary>
        <Files>
            <Path fileType="doc">/usr/share/doc</Path>
            <Path fileType="library">/usr/share/vala/vapi/Dbusmenu-*.vapi</Path>
            <Path fileType="library">/usr/share/gir-1.0/Dbusmenu-*.gir</Path>
            <Path fileType="library">/usr/lib/girepository-1.0/Dbusmenu-*.typelib</Path>
        </Files>
    </Package>

    <Package>
        <Name>libdbusmenu-gtk</Name>
        <Summary>GTK 2.x libraries for libdbusmenu</Summary>
        <RuntimeDependencies>
            <Dependency>libdbusmenu-glib</Dependency>
            <Dependency>libdbusmenu-common</Dependency>
            <Dependency>gtk2</Dependency>
            <Dependency>atk</Dependency>
            <Dependency>cairo</Dependency>
            <Dependency>pango</Dependency>
            <Dependency>gdk-pixbuf</Dependency>
            <Dependency>fontconfig</Dependency>
        </RuntimeDependencies>
        <Files>
            <Path fileType="library">/usr/lib/libdbusmenu-gtk.so*</Path>
            <Path fileType="library">/usr/share/vala/vapi/DbusmenuGtk-*.vapi</Path>
            <Path fileType="library">/usr/share/gir-1.0/DbusmenuGtk-*.gir</Path>
            <Path fileType="library">/usr/lib/girepository-1.0/DbusmenuGtk-*.typelib</Path>
        </Files>
    </Package>

    <Package>
        <Name>libdbusmenu-gtk3</Name>
        <Summary>GTK 3.x libraries for libdbusmenu</Summary>
        <RuntimeDependencies>
            <Dependency>libdbusmenu-glib</Dependency>
            <Dependency>libdbusmenu-common</Dependency>
            <Dependency>gtk3</Dependency>
            <Dependency>atk</Dependency>
            <Dependency>cairo</Dependency>
            <Dependency>pango</Dependency>
            <Dependency>gdk-pixbuf</Dependency>
        </RuntimeDependencies>
        <Files>
            <Path fileType="library">/usr/lib/libdbusmenu-gtk3.so*</Path>
            <Path fileType="library">/usr/share/vala/vapi/DbusmenuGtk3-*.vapi</Path>
            <Path fileType="library">/usr/share/gir-1.0/DbusmenuGtk3-*.gir</Path>
            <Path fileType="library">/usr/lib/girepository-1.0/DbusmenuGtk3-*.typelib</Path>
        </Files>
    </Package>

    <Package>
        <Name>libdbusmenu-tools</Name>
        <Summary>Some examples for testing libdbusmenu</Summary>
        <RuntimeDependencies>
            <Dependency>libdbusmenu-glib</Dependency>
            <Dependency>libdbusmenu-common</Dependency>
            <Dependency>json-glib</Dependency>
        </RuntimeDependencies>
        <Files>
            <Path fileType="executable">/usr/libexec</Path>
            <Path fileType="doc">/usr/share/doc/libdbusmenu/*dbusmenu-bench*</Path>
        </Files>
    </Package>

    <Package>
        <Name>libdbusmenu-devel</Name>
        <Summary>Development files for libdbusmenu</Summary>
        <RuntimeDependencies>
            <Dependency release="current">libdbusmenu-glib</Dependency>
            <Dependency release="current">libdbusmenu-gtk</Dependency>
            <Dependency>gtk2-devel</Dependency>
            <Dependency>gtk3-devel</Dependency>
            <Dependency>gdk-pixbuf-devel</Dependency>
            <Dependency>dbus-glib-devel</Dependency>
        </RuntimeDependencies>
        <Files>
            <Path fileType="header">/usr/include</Path>
            <Path fileType="data">/usr/lib/pkgconfig</Path>
        </Files>
    </Package>

    <History>
        <Update release="1">
			<Date>2020-11-19</Date>
			<Version>16.04.0</Version>
			<Comment>Rebuild.For Beta System</Comment>
			<Name>Ali Cengiz Kurt</Name>
			<Email>alicengizkurt@gmail.com</Email>
		</Update>
    </History>
</PISI>
