<?xml version="1.0" ?>
<PISI>
    <Source>
        <Name>libdbusmenu</Name>
        <Summary xml:lang="tr">Uygulamaların DBus üzerinden menü yapılarını gönderebilmelerini sağlayan bir kitaplık</Summary>
        <Description xml:lang="tr">libdbusmenu, indicator-applet uygulamasında kullanılan bazı genel kodların ayrı bir kitaplık haline getirilmesiyle oluşturulmuş bir kitaplıktır. Bu kitaplık ile uygulamaların menü yapısı DBus ile başka uygulamalara iletilebilir, bu sayede uygulamalar karşı tarafta menünün nasıl gösterileceğini dikkate almadan menüler oluşturabilirler.</Description>
    </Source>

    <Package>
        <Name>libdbusmenu-glib</Name>
        <Summary xml:lang="tr">libdbusmenu için GLIB bağlayıcıları</Summary>
    </Package>

    <Package>
        <Name>libdbusmenu-gtk</Name>
        <Summary xml:lang="tr">libdbusmenu için GTK 2.x kitaplıkları</Summary>
    </Package>

    <Package>
        <Name>libdbusmenu-gtk3</Name>
        <Summary xml:lang="tr">libdbusmenu için GTK 3.x kitaplıkları</Summary>
    </Package>

    <Package>
        <Name>libdbusmenu-tools</Name>
        <Summary xml:lang="tr">libdbusmenu testleri için çeşitli örnekler</Summary>
    </Package>

    <Package>
        <Name>libdbusmenu-common</Name>
        <Summary xml:lang="tr">libdbusmenu kitaplıkları için ortak dosyalar</Summary>
    </Package>

    <Package>
        <Name>libdbusmenu-devel</Name>
        <Summary xml:lang="tr">libdbusmenu için geliştirme dosyaları</Summary>
    </Package>
</PISI>
